{
  "period": "2015_volatility",
  "total_return": -0.1911721455121398,
  "sharpe": -6.30517817853084,
  "sortino": -7.623663624430072,
  "max_dd": 0.2000913089393801,
  "win_rate": 0.42857142857142855,
  "n_days": 14
}