{
  "period": "2012_recovery",
  "total_return": 0.045628149907679605,
  "sharpe": 1.5587371592712276,
  "sortino": 2.265032196914312,
  "max_dd": 0.11844264230924638,
  "win_rate": 0.3333333333333333,
  "n_days": 12
}