{
  "period": "2015_volatility",
  "total_return": 0.1154101356539472,
  "sharpe": 4.559508544200841,
  "sortino": 36.441945985262585,
  "max_dd": 0.02209796320020152,
  "win_rate": 0.5384615384615384,
  "n_days": 13
}