{
  "period": "2019_bull",
  "total_return": 0.5167322757270698,
  "sharpe": 9.914191397929892,
  "sortino": 59.15386400798773,
  "max_dd": 0.03140890598297119,
  "win_rate": 0.6666666666666666,
  "n_days": 12
}