{
  "period": "2006_bull",
  "total_return": 0.14727832892228898,
  "sharpe": 13.777515704513416,
  "sortino": 133832.82677494932,
  "max_dd": 0.0023616463877260364,
  "win_rate": 0.7857142857142857,
  "n_days": 14
}