{
  "period": "2023_rebound",
  "total_return": -0.14419606014206343,
  "sharpe": -4.329320213726786,
  "sortino": -4.770144872058826,
  "max_dd": 0.08889242071476851,
  "win_rate": 0.35714285714285715,
  "n_days": 14
}