{
  "schema_version": "1.0",
  "sequence_id": "seq_20251225-211053_5f131dde",
  "configuration_id": "cfg_20251225-210841_21e0c357",
  "iteration_number": 2,
  "timestamp": "2025-12-25T21:10:53.185225Z",
  "is_baseline": false,
  "tested_parameters": {
    "corr_lookback": 9,
    "corr_threshold": 0.23018883984117694,
    "recalc_frequency": 2,
    "centrality_method": "eigenvector",
    "weight_decay": 0.6293434449048724,
    "min_weight": 0.017995681378989003,
    "max_weight": 0.3057399232632277,
    "vol_target": 0.13645624097910591,
    "momentum_lookback": 5,
    "z_score_entry": 2.0390802908387218,
    "z_score_exit": 0.5202696675695053,
    "momentum_threshold": 0.0,
    "stop_loss_pct": 0.0645640118926358,
    "take_profit_pct": 0.1090990735015125,
    "trailing_stop_pct": 0.0317461986999787,
    "max_portfolio_drawdown": 0.15,
    "max_positions": 10
  },
  "performance_metrics": {
    "total_return": 0.0,
    "annualized_return": 0.0,
    "sharpe_ratio": 0.0,
    "sortino_ratio": 0.0,
    "max_drawdown": 0.0,
    "win_rate": 0.0,
    "profit_factor": 0.0,
    "num_trades": 0,
    "avg_trade_pnl": 0.0,
    "avg_trade_pnl_pct": 0.0
  },
  "network_metrics": {
    "avg_centrality": 0.0,
    "network_density": 0.0,
    "rebalance_count": 0
  },
  "backtest_results": {
    "period": "N/A to N/A",
    "symbols_traded": 0,
    "equity_curve_sample": [
      100000.0,
      100000.0,
      100000.0,
      100000.0,
      100000.0,
      100000.0,
      100000.0,
      100000.0,
      100000.0,
      100000.0,
      100000.0,
      100000.0,
      100000.0,
      100000.0
    ],
    "trades_sample": []
  },
  "nemo_suggestions": [],
  "score": -Infinity,
  "convergence_status": {
    "improvement_vs_previous": -Infinity
  }
}