{
  "period": "2024_recent",
  "total_return": 0.8233827222883672,
  "sharpe": 3.6934199622699735,
  "sortino": 6.3932663261437135,
  "max_dd": 0.03592001090086869,
  "win_rate": 0.5878136200716846,
  "n_days": 279
}