{
  "schema_version": "1.0",
  "sequence_id": "seq_20251225-211307_911b69cf",
  "configuration_id": "cfg_20251225-210841_21e0c357",
  "iteration_number": 6,
  "timestamp": "2025-12-25T21:13:07.069603Z",
  "is_baseline": false,
  "tested_parameters": {
    "corr_lookback": 11,
    "corr_threshold": 0.2349442307148948,
    "recalc_frequency": 2,
    "centrality_method": "eigenvector",
    "weight_decay": 0.6664250741706378,
    "min_weight": 0.026504528283542696,
    "max_weight": 0.3091106742406524,
    "vol_target": 0.16216225601393558,
    "momentum_lookback": 5,
    "z_score_entry": 2.1210354285417,
    "z_score_exit": 0.46313936994130595,
    "momentum_threshold": 0.0,
    "stop_loss_pct": 0.07038001184139384,
    "take_profit_pct": 0.11563073200660845,
    "trailing_stop_pct": 0.0361320400881417,
    "max_portfolio_drawdown": 0.15,
    "max_positions": 10
  },
  "performance_metrics": {
    "total_return": 0.0,
    "annualized_return": 0.0,
    "sharpe_ratio": 0.0,
    "sortino_ratio": 0.0,
    "max_drawdown": 0.0,
    "win_rate": 0.0,
    "profit_factor": 0.0,
    "num_trades": 0,
    "avg_trade_pnl": 0.0,
    "avg_trade_pnl_pct": 0.0
  },
  "network_metrics": {
    "avg_centrality": 0.17381215212817194,
    "network_density": 0.0,
    "rebalance_count": 6
  },
  "backtest_results": {
    "period": "N/A to N/A",
    "symbols_traded": 0,
    "equity_curve_sample": [
      100000.0,
      100000.0,
      100000.0,
      100000.0,
      100000.0,
      100000.0,
      100000.0,
      100000.0,
      100000.0,
      100000.0,
      100000.0,
      100000.0
    ],
    "trades_sample": []
  },
  "nemo_suggestions": [],
  "score": -Infinity,
  "convergence_status": {
    "improvement_vs_previous": NaN
  }
}