{
  "period": "2023_rebound",
  "total_return": -0.20054788893632147,
  "sharpe": -2.635799589144719,
  "sortino": -5.4503914598188254,
  "max_dd": 0.3086136812352209,
  "win_rate": 0.5333333333333333,
  "n_days": 15
}