{
  "period": "2012_recovery",
  "total_return": -0.011742136182495089,
  "sharpe": -2.7399060363471723,
  "sortino": -5.514401444205224,
  "max_dd": 0.025179767815979186,
  "win_rate": 0.2727272727272727,
  "n_days": 11
}