{
  "period": "2015_volatility",
  "total_return": -0.06856981040844357,
  "sharpe": -3.77198980204978,
  "sortino": -3.312420246038373,
  "max_dd": 0.08230140188255741,
  "win_rate": 0.46153846153846156,
  "n_days": 13
}