{
  "period": "2022_bear",
  "total_return": -0.03571866725054229,
  "sharpe": -0.29511541805826136,
  "sortino": -0.3587688098576444,
  "max_dd": 0.12601642310619354,
  "win_rate": 0.38461538461538464,
  "n_days": 13
}