{
  "period": "2006_bull",
  "total_return": 0.14751538554415533,
  "sharpe": 13.20830563876645,
  "sortino": 38228.024295563555,
  "max_dd": 0.004337052825144966,
  "win_rate": 0.7142857142857143,
  "n_days": 14
}