{
  "period": "2022_bear",
  "total_return": -0.10815331855336485,
  "sharpe": -0.847385154731315,
  "sortino": -1.366819458628827,
  "max_dd": 0.33805876372577454,
  "win_rate": 0.5714285714285714,
  "n_days": 14
}