{
  "period": "2022_bear",
  "total_return": -0.21636643742093398,
  "sharpe": -6.76953967024343,
  "sortino": -7.643032626204599,
  "max_dd": 0.24464597248167,
  "win_rate": 0.38461538461538464,
  "n_days": 13
}