{
  "period": "2022_bear",
  "total_return": 0.18521146700486235,
  "sharpe": 1.0785819463863475,
  "sortino": 1.1515318499026175,
  "max_dd": 0.16599472692954623,
  "win_rate": 0.5485436893203883,
  "n_days": 206
}