{
  "period": "2019_bull",
  "total_return": 0.08629918214606369,
  "sharpe": 0.45920775197706487,
  "sortino": 0.4505602418612705,
  "max_dd": 0.249970232470207,
  "win_rate": 0.4194915254237288,
  "n_days": 236
}