{
  "timestamp": "20251221_180145",
  "config": {
    "days": 500,
    "gpu": true,
    "symbols": [
      "AAPL",
      "MSFT",
      "GOOGL",
      "NVDA",
      "META",
      "JPM",
      "BAC",
      "GS",
      "MS",
      "WFC",
      "JNJ",
      "UNH",
      "PFE",
      "ABBV",
      "TMO",
      "WMT",
      "HD",
      "NKE",
      "MCD",
      "SBUX",
      "XOM",
      "CVX",
      "COP",
      "EOG",
      "SLB"
    ],
    "benchmark": "SPY",
    "cost_bps": 8.0
  },
  "results": {
    "atr_rsi": {
      "n_symbols": 25,
      "portfolio_cagr_pct": 6.105448566773687,
      "benchmark_cagr_pct": 21.531538385163667,
      "excess_cagr_pct": -15.42608981838998,
      "avg_sharpe": 0.1527226599959331,
      "sharpe_ci_lower": -0.038398671744396096,
      "sharpe_ci_upper": 0.3620343400919925,
      "avg_alpha_pct": 2.6613733631046195,
      "alpha_ci_lower": -0.9887595835201594,
      "alpha_ci_upper": 6.597707060661456,
      "avg_max_dd_pct": 14.286664678745879,
      "total_trades": 588,
      "beats_benchmark": false,
      "sharpe_significant": false,
      "alpha_significant": false
    },
    "mtf_momentum": {
      "n_symbols": 25,
      "portfolio_cagr_pct": 0.008010701630106531,
      "benchmark_cagr_pct": 21.531538385163667,
      "excess_cagr_pct": -21.523527683533562,
      "avg_sharpe": -23.822244451726565,
      "sharpe_ci_lower": -55.83956473182516,
      "sharpe_ci_upper": -4.338292084956926,
      "avg_alpha_pct": -4.4628731243604385,
      "alpha_ci_lower": -4.917448291545651,
      "alpha_ci_upper": -4.0114950747917115,
      "avg_max_dd_pct": 1.2306571265590882,
      "total_trades": 40,
      "beats_benchmark": false,
      "sharpe_significant": false,
      "alpha_significant": false
    },
    "mi_ensemble": {
      "n_symbols": 25,
      "portfolio_cagr_pct": -0.7975933394174123,
      "benchmark_cagr_pct": 21.531538385163667,
      "excess_cagr_pct": -22.329131724581078,
      "avg_sharpe": -1.89122502254127,
      "sharpe_ci_lower": -2.3699389290361976,
      "sharpe_ci_upper": -1.4500821691805699,
      "avg_alpha_pct": -5.2615170264365405,
      "alpha_ci_lower": -6.692600627485382,
      "alpha_ci_upper": -3.932827889298324,
      "avg_max_dd_pct": 5.004267461393942,
      "total_trades": 210,
      "beats_benchmark": false,
      "sharpe_significant": false,
      "alpha_significant": false
    },
    "kalman_hybrid": {
      "n_symbols": 25,
      "portfolio_cagr_pct": 0.060907355570822386,
      "benchmark_cagr_pct": 21.531538385163667,
      "excess_cagr_pct": -21.470631029592845,
      "avg_sharpe": -11.287224343371115,
      "sharpe_ci_lower": -22.487870154642263,
      "sharpe_ci_upper": -3.7914343216577433,
      "avg_alpha_pct": -4.440783676268586,
      "alpha_ci_lower": -4.644599155660825,
      "alpha_ci_upper": -4.239775299806529,
      "avg_max_dd_pct": 0.28808562676617605,
      "total_trades": 16,
      "beats_benchmark": false,
      "sharpe_significant": false,
      "alpha_significant": false
    }
  }
}