{
  "timestamp": "20251221_175655",
  "config": {
    "days": 500,
    "gpu": true,
    "symbols": [
      "AAPL",
      "MSFT",
      "GOOGL",
      "NVDA",
      "META",
      "JPM",
      "BAC",
      "GS",
      "MS",
      "WFC",
      "JNJ",
      "UNH",
      "PFE",
      "ABBV",
      "TMO",
      "WMT",
      "HD",
      "NKE",
      "MCD",
      "SBUX",
      "XOM",
      "CVX",
      "COP",
      "EOG",
      "SLB"
    ],
    "benchmark": "SPY",
    "cost_bps": 8.0
  },
  "results": {
    "atr_rsi": {
      "n_symbols": 25,
      "portfolio_cagr_pct": 3.5119385299518457,
      "benchmark_cagr_pct": 21.531538385163667,
      "excess_cagr_pct": -18.019599855211823,
      "avg_sharpe": -0.0891408669981614,
      "sharpe_ci_lower": -0.32230172728621176,
      "sharpe_ci_upper": 0.14412167710371998,
      "avg_alpha_pct": 0.04796661498811023,
      "alpha_ci_lower": -3.5952016341225304,
      "alpha_ci_upper": 3.6833425460415135,
      "avg_max_dd_pct": 13.861255000829049,
      "total_trades": 389,
      "beats_benchmark": false,
      "sharpe_significant": false,
      "alpha_significant": false
    },
    "mtf_momentum": {
      "n_symbols": 25,
      "portfolio_cagr_pct": -0.23953438301217253,
      "benchmark_cagr_pct": 21.531538385163667,
      "excess_cagr_pct": -21.77107276817584,
      "avg_sharpe": -19.633997515892418,
      "sharpe_ci_lower": -35.71959601584444,
      "sharpe_ci_upper": -8.32419936743976,
      "avg_alpha_pct": -4.739739887803829,
      "alpha_ci_lower": -5.015280193532607,
      "alpha_ci_upper": -4.483465012892807,
      "avg_max_dd_pct": 0.8645837133009663,
      "total_trades": 26,
      "beats_benchmark": false,
      "sharpe_significant": false,
      "alpha_significant": false
    },
    "mi_ensemble": {
      "n_symbols": 25,
      "portfolio_cagr_pct": -0.6279667679115946,
      "benchmark_cagr_pct": 21.531538385163667,
      "excess_cagr_pct": -22.159505153075262,
      "avg_sharpe": -12.350698205953961,
      "sharpe_ci_lower": -30.909789609454606,
      "sharpe_ci_upper": -2.6921187030909883,
      "avg_alpha_pct": -5.220839185893498,
      "alpha_ci_lower": -6.149629020269984,
      "alpha_ci_upper": -4.399315854123679,
      "avg_max_dd_pct": 2.517446365195843,
      "total_trades": 55,
      "beats_benchmark": false,
      "sharpe_significant": false,
      "alpha_significant": false
    },
    "kalman_hybrid": {
      "n_symbols": 25,
      "portfolio_cagr_pct": 0.04726832355281907,
      "benchmark_cagr_pct": 21.531538385163667,
      "excess_cagr_pct": -21.48427006161085,
      "avg_sharpe": -0.6873894195387747,
      "sharpe_ci_lower": -1.367779388550879,
      "sharpe_ci_upper": -0.1567407001016848,
      "avg_alpha_pct": -4.446062297696039,
      "alpha_ci_lower": -4.6111048010306925,
      "alpha_ci_upper": -4.284498605371262,
      "avg_max_dd_pct": 0.15551104392838755,
      "total_trades": 5,
      "beats_benchmark": false,
      "sharpe_significant": false,
      "alpha_significant": false
    }
  }
}