{
  "timestamp": "20251221_175056",
  "config": {
    "days": 500,
    "gpu": true,
    "symbols": [
      "AAPL",
      "MSFT",
      "GOOGL",
      "NVDA",
      "META",
      "JPM",
      "BAC",
      "GS",
      "MS",
      "WFC",
      "JNJ",
      "UNH",
      "PFE",
      "ABBV",
      "TMO",
      "WMT",
      "HD",
      "NKE",
      "MCD",
      "SBUX",
      "XOM",
      "CVX",
      "COP",
      "EOG",
      "SLB"
    ],
    "benchmark": "SPY",
    "cost_bps": 8.0
  },
  "results": {
    "atr_rsi": {
      "n_symbols": 25,
      "portfolio_cagr_pct": 4.360159833242429,
      "benchmark_cagr_pct": 21.531538385163667,
      "excess_cagr_pct": -17.171378551921237,
      "avg_sharpe": -0.018550756900435422,
      "sharpe_ci_lower": -0.231248659563223,
      "sharpe_ci_upper": 0.21192769252042182,
      "avg_alpha_pct": 0.9095095642539803,
      "alpha_ci_lower": -2.6106429026953903,
      "alpha_ci_upper": 4.96393309430968,
      "avg_max_dd_pct": 13.941568830635465,
      "total_trades": 445,
      "beats_benchmark": false,
      "sharpe_significant": false,
      "alpha_significant": false
    },
    "mtf_momentum": {
      "n_symbols": 25,
      "portfolio_cagr_pct": -0.23953438301217253,
      "benchmark_cagr_pct": 21.531538385163667,
      "excess_cagr_pct": -21.77107276817584,
      "avg_sharpe": -19.633997515892418,
      "sharpe_ci_lower": -35.71959601584444,
      "sharpe_ci_upper": -8.32419936743976,
      "avg_alpha_pct": -4.739739887803829,
      "alpha_ci_lower": -5.015280193532607,
      "alpha_ci_upper": -4.483465012892807,
      "avg_max_dd_pct": 0.8645837133009663,
      "total_trades": 26,
      "beats_benchmark": false,
      "sharpe_significant": false,
      "alpha_significant": false
    },
    "mi_ensemble": {
      "n_symbols": 25,
      "portfolio_cagr_pct": 0.0,
      "benchmark_cagr_pct": 21.531538385163667,
      "excess_cagr_pct": -21.531538385163667,
      "avg_sharpe": 0.0,
      "sharpe_ci_lower": 0.0,
      "sharpe_ci_upper": 0.0,
      "avg_alpha_pct": -4.5,
      "alpha_ci_lower": -4.5,
      "alpha_ci_upper": -4.5,
      "avg_max_dd_pct": 0.0,
      "total_trades": 0,
      "beats_benchmark": false,
      "sharpe_significant": false,
      "alpha_significant": false
    },
    "kalman_hybrid": {
      "n_symbols": 25,
      "portfolio_cagr_pct": 0.04726832355281907,
      "benchmark_cagr_pct": 21.531538385163667,
      "excess_cagr_pct": -21.48427006161085,
      "avg_sharpe": -0.6873894195387747,
      "sharpe_ci_lower": -1.367779388550879,
      "sharpe_ci_upper": -0.1567407001016848,
      "avg_alpha_pct": -4.446062297696039,
      "alpha_ci_lower": -4.6111048010306925,
      "alpha_ci_upper": -4.284498605371262,
      "avg_max_dd_pct": 0.15551104392838755,
      "total_trades": 5,
      "beats_benchmark": false,
      "sharpe_significant": false,
      "alpha_significant": false
    }
  }
}