{
  "period": "2006_bull",
  "total_return": 0.42654137845099727,
  "sharpe": 12.129150347743481,
  "sortino": 163.49295553756988,
  "max_dd": 0.008848633617162755,
  "win_rate": 0.7333333333333333,
  "n_days": 15
}