{
  "optimization_id": "R1_20251225_215331",
  "target_return": 0.3,
  "best_return": -0.09104698238052582,
  "best_score": -0.024047349349628086,
  "target_achieved": 