{
  "period": "2019_bull",
  "total_return": 0.24507044966814595,
  "sharpe": 3.157865540087887,
  "sortino": 10.923827333611529,
  "max_dd": 0.31352277023605346,
  "win_rate": 0.3076923076923077,
  "n_days": 13
}