{
  "period": "2019_bull",
  "total_return": 0.04458889219370166,
  "sharpe": 1.2993897057022221,
  "sortino": 3.504334647372936,
  "max_dd": 0.25192120080893354,
  "win_rate": 0.25,
  "n_days": 12
}