{
  "period": "2012_recovery",
  "total_return": 0.0049738508756209665,
  "sharpe": 0.7854528593453225,
  "sortino": 1.919109969065633,
  "max_dd": 0.021942537362171496,
  "win_rate": 0.36363636363636365,
  "n_days": 11
}