{
  "period": "2023_rebound",
  "total_return": 0.635148875879175,
  "sharpe": 3.307808983502195,
  "sortino": 5.100973043102552,
  "max_dd": 0.04131282664544635,
  "win_rate": 0.5527426160337553,
  "n_days": 237
}